{
    "H0": {
        "mu": 3.0029015864717703,
        "sigma": 1.0089985692213816,
        "shape": 1.0089985692213816,
        "scale": 20.143901479356952
    },
    "H1": {
        "mu": 5.063890558175648,
        "sigma": 1.5063499483913505,
        "shape": 1.5063499483913505,
        "scale": 158.20482562321655
    },
    "ks_test": {
        "honest_stat": 0.004465660609793698,
        "honest_pvalue": 0.9569141585903173,
        "fraud_stat": 0.0481283422459893,
        "fraud_pvalue": 0.35187122922026653
    }
}